"Txhash","Blockno","UnixTimestamp","DateTime","From","To","ContractAddress","Value_IN(ETH)","Value_OUT(ETH)","CurrentValue @ $0/Eth","TxnFee(ETH)","TxnFee(USD)","Historical $Price/Eth","Status","ErrCode","Method"
"0x61d0545fa100ae52c6cb2ff7fe7beb818d2fbfd99c2c60a25a1d3fa89ecdb71a","10778318","1654094357","2022-06-01 14:39:17","0xb9563f6aed9a3986fe0e4b57ca1af40dbd7f7720","","0x951525a20e217cdce468518ebb88c3f05038d8f7","0","0","0","0.00531781004254248","0","","","","0x61014060",""
"0x85e215bb8c5a3cea690e89aa24a42c8e89bc7f7cd83db8577ab80f236abdf98a","10778324","1654094448","2022-06-01 14:40:48","0xb9563f6aed9a3986fe0e4b57ca1af40dbd7f7720","0x951525a20e217cdce468518ebb88c3f05038d8f7","","0","0","0","0.000087640498364044","0","","","","Transfer",""
"0xecc42731b2c3f33b878b20d03094501837ab12671ecd99fe336494125a5fc4e9","10778325","1654094463","2022-06-01 14:41:03","0xb9563f6aed9a3986fe0e4b57ca1af40dbd7f7720","0x951525a20e217cdce468518ebb88c3f05038d8f7","","0","0","0","0.000175280996786515","0","","","","Transfer",""
"0x3f27762d6f3e2ab8f220ddfa4e772c0a53b80a59e85a35234b9bbdbd95e8c8ad","10778326","1654094478","2022-06-01 14:41:18","0xb9563f6aed9a3986fe0e4b57ca1af40dbd7f7720","0x951525a20e217cdce468518ebb88c3f05038d8f7","","0","0","0","0.000146067501519102","0","","","","Transfer",""
"0x5ae1b5b86ac41616513016e4eec48c90af4ef39631229393008dcc2065e314ba","10778327","1654094493","2022-06-01 14:41:33","0xb9563f6aed9a3986fe0e4b57ca1af40dbd7f7720","0x951525a20e217cdce468518ebb88c3f05038d8f7","","0","0","0","0.000087640501519102","0","","","","Transfer",""
"0x73f87fe8ce9114a2c61183c164626dc97b2c56a10a2ceede20dc3aca028e1650","10778328","1654094508","2022-06-01 14:41:48","0xb9563f6aed9a3986fe0e4b57ca1af40dbd7f7720","0x951525a20e217cdce468518ebb88c3f05038d8f7","","0","0","0","0.000087640498422471","0","","","","Transfer",""
"0xd4e73b7f00687ea6ea0fce14e300153513285b860211263d397348839f395d73","10778329","1654094523","2022-06-01 14:42:03","0xb9563f6aed9a3986fe0e4b57ca1af40dbd7f7720","0x951525a20e217cdce468518ebb88c3f05038d8f7","","0","0","0","0.000143146151519102","0","","","","Transfer",""
"0x1a3fd077d1bf17cc27bd7bc44ea624251478209ef3ec1aec5f84f5b111cba988","10778330","1654094538","2022-06-01 14:42:18","0xb9563f6aed9a3986fe0e4b57ca1af40dbd7f7720","0x951525a20e217cdce468518ebb88c3f05038d8f7","","0","0","0","0.000146067501460675","0","","","","Transfer",""
"0x74d6837c813335e6cb113c228a27117fb9f3cde8209320997184ad68fb44f86f","10778331","1654094554","2022-06-01 14:42:34","0xb9563f6aed9a3986fe0e4b57ca1af40dbd7f7720","0x951525a20e217cdce468518ebb88c3f05038d8f7","","0","0","0","0.000146067501635956","0","","","","Transfer",""
"0xdd8c58202f9737e2803386366b487a3695e5d9d22f16ff70030e9b9442bce17b","10778332","1654094569","2022-06-01 14:42:49","0xb9563f6aed9a3986fe0e4b57ca1af40dbd7f7720","0x951525a20e217cdce468518ebb88c3f05038d8f7","","0","0","0","0.000087640501811237","0","","","","Transfer",""
"0x20c241dbd3f08c7e3e5e1b1fc3db42b7b64f48ffc575457bb90aa67904c8592b","10778333","1654094584","2022-06-01 14:43:04","0xb9563f6aed9a3986fe0e4b57ca1af40dbd7f7720","0x951525a20e217cdce468518ebb88c3f05038d8f7","","0","0","0","0.00008764050175281","0","","","","Transfer",""
"0xdda2edca1178a676637fd66440221ae8386498fa6861007047fcaa7c3557dba4","10778334","1654094599","2022-06-01 14:43:19","0xb9563f6aed9a3986fe0e4b57ca1af40dbd7f7720","0x951525a20e217cdce468518ebb88c3f05038d8f7","","0","0","0","0.000087640501694383","0","","","","Transfer",""
"0xd565d8a22aa49be4625ee96b6152a183dd15f905333a0447fd6e1df9b0af2e93","10778335","1654094614","2022-06-01 14:43:34","0xb9563f6aed9a3986fe0e4b57ca1af40dbd7f7720","0x951525a20e217cdce468518ebb88c3f05038d8f7","","0","0","0","0.00014603750175245","0","","","","Transfer",""
"0xa0004cbe05684b427d2bed08697c87414655f65ed9ed774acc303e3568922913","10778336","1654094629","2022-06-01 14:43:49","0xb9563f6aed9a3986fe0e4b57ca1af40dbd7f7720","0x951525a20e217cdce468518ebb88c3f05038d8f7","","0","0","0","0.000146037501927695","0","","","","Transfer",""
"0xbdd2ce937cc556464d7f957bf6774afe93b768131486f65a686170ad2e259b37","10778337","1654094644","2022-06-01 14:44:04","0xb9563f6aed9a3986fe0e4b57ca1af40dbd7f7720","0x951525a20e217cdce468518ebb88c3f05038d8f7","","0","0","0","0.000146067502103372","0","","","","Transfer",""
"0x0d0d85e73a7a66579686a512a2a8b5856f888b44ceccb360038c6b5b0d0ab6d4","10778338","1654094659","2022-06-01 14:44:19","0xb9563f6aed9a3986fe0e4b57ca1af40dbd7f7720","0x951525a20e217cdce468518ebb88c3f05038d8f7","","0","0","0","0.00014606750233708","0","","","","Transfer",""
"0x29ec19ddfb05f8837cc07ffd6b3bd524fb638ce955b3dffa363762a9c99bb50a","10778339","1654094674","2022-06-01 14:44:34","0xb9563f6aed9a3986fe0e4b57ca1af40dbd7f7720","0x951525a20e217cdce468518ebb88c3f05038d8f7","","0","0","0","0.000146067502570788","0","","","","Transfer",""
"0xeacf0562fd9e183831a762b0e640062a7982c29f198b0aa49d1ff395a64cf77b","10778340","1654094689","2022-06-01 14:44:49","0xb9563f6aed9a3986fe0e4b57ca1af40dbd7f7720","0x951525a20e217cdce468518ebb88c3f05038d8f7","","0","0","0","0.000146067502862923","0","","","","Transfer",""
"0x823c2b00b5cf9113ee15484b3128b2a4cfd33f019b11cad0a8cc1ad525219f8c","10778341","1654094704","2022-06-01 14:45:04","0xb9563f6aed9a3986fe0e4b57ca1af40dbd7f7720","0x951525a20e217cdce468518ebb88c3f05038d8f7","","0","0","0","0.00014603750303758","0","","","","Transfer",""
"0x84801d6567670d3c95abde420512e14dad7d4ddfe558d96c69489489d059e987","10778342","1654094719","2022-06-01 14:45:19","0xb9563f6aed9a3986fe0e4b57ca1af40dbd7f7720","0x951525a20e217cdce468518ebb88c3f05038d8f7","","0","0","0","0.000087640499883146","0","","","","Transfer",""
"0x6fd58353062c623d6853ddc8aebe41cfef28541c9a5913bfde0ef40986e4036c","10778343","1654094734","2022-06-01 14:45:34","0xb9563f6aed9a3986fe0e4b57ca1af40dbd7f7720","0x951525a20e217cdce468518ebb88c3f05038d8f7","","0","0","0","0.000146067503038204","0","","","","Transfer",""
"0x601e01ebe1231594fe472cc1da98b1e8d6a3cc8b33203f25ecf18ca85a4fb64f","10778344","1654094749","2022-06-01 14:45:49","0xb9563f6aed9a3986fe0e4b57ca1af40dbd7f7720","0x951525a20e217cdce468518ebb88c3f05038d8f7","","0","0","0","0.000146067503388766","0","","","","Transfer",""
"0x1f24a59563a91fa939b844c55db4fa336c1e31e54aeeb2cd10dc8596748c2b6f","10778345","1654094764","2022-06-01 14:46:04","0xb9563f6aed9a3986fe0e4b57ca1af40dbd7f7720","0x951525a20e217cdce468518ebb88c3f05038d8f7","","0","0","0","0.00014168547908989","0","","","","Transfer",""
"0x0c822f7f5b34a2b0717593611bc66ea422b3beb49af6e4695e4a0b0831e02eff","10778346","1654094779","2022-06-01 14:46:19","0xb9563f6aed9a3986fe0e4b57ca1af40dbd7f7720","0x951525a20e217cdce468518ebb88c3f05038d8f7","","0","0","0","0.00014603750362173","0","","","","Transfer",""
"0x6a28b8105e441de656bb029f8b1dd1807fe55ef7e1647d9fa87fa0c29546422d","10778347","1654094794","2022-06-01 14:46:34","0xb9563f6aed9a3986fe0e4b57ca1af40dbd7f7720","0x951525a20e217cdce468518ebb88c3f05038d8f7","","0","0","0","0.000146067504031463","0","","","","Transfer",""
"0xbc54efb758ec97304c1be8e6c09590d49d19b6b0cc0efa21bbebcd8f1b56711d","10778348","1654094809","2022-06-01 14:46:49","0xb9563f6aed9a3986fe0e4b57ca1af40dbd7f7720","0x951525a20e217cdce468518ebb88c3f05038d8f7","","0","0","0","0.00014606750408989","0","","","","Transfer",""
"0xa53da67246d7f2adbe25c3c30648ece5e52d59554bca3327bc87e7ad8d0affc7","10778349","1654094824","2022-06-01 14:47:04","0xb9563f6aed9a3986fe0e4b57ca1af40dbd7f7720","0x951525a20e217cdce468518ebb88c3f05038d8f7","","0","0","0","0.000146067504557306","0","","","","Transfer",""
"0x23aeb87f6677fe6e5498a1e64f974c42de1c94cfb0962e5e1f23898f7af703be","10778350","1654094839","2022-06-01 14:47:19","0xb9563f6aed9a3986fe0e4b57ca1af40dbd7f7720","0x951525a20e217cdce468518ebb88c3f05038d8f7","","0","0","0","0.000146067504966295","0","","","","Transfer",""
"0xd4b340643bdf095b1f860a4a9840b844a0dbeddd174bdacba72059e15c66d181","10778351","1654094854","2022-06-01 14:47:34","0xb9563f6aed9a3986fe0e4b57ca1af40dbd7f7720","0x951525a20e217cdce468518ebb88c3f05038d8f7","","0","0","0","0.000146067505550565","0","","","","Transfer",""
"0x51ef5bd89d105b4386de6e207ed56d947ac3464e7da811e865332ddfa63ce82b","10778352","1654094869","2022-06-01 14:47:49","0xb9563f6aed9a3986fe0e4b57ca1af40dbd7f7720","0x951525a20e217cdce468518ebb88c3f05038d8f7","","0","0","0","0.000141685480200003","0","","","","Transfer",""
"0x5989ec7bead5243d2b023b632a2eda62dc4e265aca94208fb748f88c3df08d8e","10778353","1654094884","2022-06-01 14:48:04","0xb9563f6aed9a3986fe0e4b57ca1af40dbd7f7720","0x951525a20e217cdce468518ebb88c3f05038d8f7","","0","0","0","0.0001460675058427","0","","","","Transfer",""
"0x41a16d1ba8a7b1c4450dd3d6407e75f2b5bd4305a7559c470024bb16e4f7b139","10778354","1654094899","2022-06-01 14:48:19","0xb9563f6aed9a3986fe0e4b57ca1af40dbd7f7720","0x951525a20e217cdce468518ebb88c3f05038d8f7","","0","0","0","0.000133311869328627","0","","","","Transfer",""
"0xf66acaf40beadaa5320ff60a76bae6a31ca3a345881b21d7df04a53166af87fa","10778355","1654094914","2022-06-01 14:48:34","0xb9563f6aed9a3986fe0e4b57ca1af40dbd7f7720","0x951525a20e217cdce468518ebb88c3f05038d8f7","","0","0","0","0.000146067506602251","0","","","","Transfer",""
"0x984d00c09212e623286bcf8dd5efcb3b42cc2838cf9570f9553735af1bb07807","10778356","1654094929","2022-06-01 14:48:49","0xb9563f6aed9a3986fe0e4b57ca1af40dbd7f7720","0x951525a20e217cdce468518ebb88c3f05038d8f7","","0","0","0","0.000133311870088178","0","","","","Transfer",""
"0x3dbfc9c76f498f93f53bc9f64cdb5a5567df62abc1d729f23f55d28947ea1e56","10778357","1654094944","2022-06-01 14:49:04","0xb9563f6aed9a3986fe0e4b57ca1af40dbd7f7720","0x951525a20e217cdce468518ebb88c3f05038d8f7","","0","0","0","0.000141685481719105","0","","","","Transfer",""
"0x0e9a5654c090aea4d15cf752f893593e95f6ac88bdadcb11e37f59f3ea7867e6","10778358","1654094959","2022-06-01 14:49:19","0xb9563f6aed9a3986fe0e4b57ca1af40dbd7f7720","0x951525a20e217cdce468518ebb88c3f05038d8f7","","0","0","0","0.000146067507537083","0","","","","Transfer",""
"0xc0ffed553550bd7e7dd13bb9fc4bc6447343965401b25e26f93ac38b3b9be8fb","10778359","1654094974","2022-06-01 14:49:34","0xb9563f6aed9a3986fe0e4b57ca1af40dbd7f7720","0x951525a20e217cdce468518ebb88c3f05038d8f7","","0","0","0","0.000146067508471915","0","","","","Transfer",""
"0x38e68bfd001bd7dd143954e4fea0e59b3d891a590e8c6f4cd5d4eb47702d9ad3","10778363","1654095035","2022-06-01 14:50:35","0xb9563f6aed9a3986fe0e4b57ca1af40dbd7f7720","0x951525a20e217cdce468518ebb88c3f05038d8f7","","0","0","0","0.000080512501234525","0","","","","Transfer",""
"0xb604dfab783af3ab6e42df1184066802d1b5867d9b299a95a5de4ea2a243cd35","10778364","1654095050","2022-06-01 14:50:50","0xb9563f6aed9a3986fe0e4b57ca1af40dbd7f7720","0x951525a20e217cdce468518ebb88c3f05038d8f7","","0","0","0","0.000071635005902724","0","","","","Transfer Ownership",""
"0xa60f786f745080fa213560624ddc814315eb588ba3126bc39e9a84005ff4383b","10778734","1654100735","2022-06-01 16:25:35","0x708ba5839a41f6649d9cb51e31e2065ec7000bb4","0x951525a20e217cdce468518ebb88c3f05038d8f7","","0","0","0","0.000113148000980616","0","","","","Stake",""
"0xeb7f32910b38b38077731eee6a1721175462aeb7be8c33e723c4add7df55d1fa","10778765","1654101201","2022-06-01 16:33:21","0xb5c46393798da8f4853bf9028d5c3f63c1a64ec8","0x951525a20e217cdce468518ebb88c3f05038d8f7","","0","0","0","0.000087498000524988","0","","","","Stake",""
"0xbcad7b1a911153624392030dca8b115305d1c9498e671aceaaccd0417c843f10","10783289","1654188353","2022-06-02 16:45:53","0xd86b534c029aaf84272a3c725f9408e03def4b80","0x951525a20e217cdce468518ebb88c3f05038d8f7","","0","0","0","0.000109769388478056","0","","","","Stake",""
"0x57c96e6b54a8c2c1e77dafa0dee44d3e8dc5447c9d2bbd23b8f41853482135fd","10784026","1654199435","2022-06-02 19:50:35","0x7390a0c8fdced41453f8a10123033c97a5de9633","0x951525a20e217cdce468518ebb88c3f05038d8f7","","0","0","0","0.000094698000568188","0","","","","Stake",""
"0xf7fa7d39e877b998fa6e41ce9ffde7d9af72a3ccb949b9bf1957ef3690a9d061","10784101","1654200562","2022-06-02 20:09:22","0xcd3b82938ff5bcbf92ef838e04e1d35ac348edb6","0x951525a20e217cdce468518ebb88c3f05038d8f7","","0","0","0","0.000058332122147208","0","","","","Stake",""
"0x5ed3993924f308b00fd3ac722315f36c357d26892f8fcb5f41a76902cb9638da","10784246","1654202738","2022-06-02 20:45:38","0x097b3a6e6242cfc6e7951bfb53a3b00357628a0f","0x951525a20e217cdce468518ebb88c3f05038d8f7","","0","0","0","0.000087498000524988","0","","","","Stake",""
"0xd1fdd1a023df6b4a1669acf8a5f92dd0f1bf49379e684216304eaf774c17bee0","10784294","1654203460","2022-06-02 20:57:40","0xd8f26e63c9b3a4c8d1cab70eb252a15c7d180f04","0x951525a20e217cdce468518ebb88c3f05038d8f7","","0","0","0","0.000087498000524988","0","","","","Stake",""
"0xca3dc936f4eeb6b3ba58a89303c67bb81231c40b1db888d16f72dfabd9171d29","10784438","1654205626","2022-06-02 21:33:46","0x27957117421ccc319cb0365434892ce18cd38a51","0x951525a20e217cdce468518ebb88c3f05038d8f7","","0","0","0","0.00008749800058332","0","","","","Stake",""
"0x9d7a84ec0990457741aecba67429d2fbc7eb18c790f00b9bda3252620c9acada","10785058","1654214942","2022-06-03 00:09:02","0xf5891a131903955ba17b30b979fed84704aeab76","0x951525a20e217cdce468518ebb88c3f05038d8f7","","0","0","0","0.000087498000466656","0","","","","Stake",""
"0xfe3d8aacb871d7b7a5c5ae89a49557500d80f7f56aed027e1714c6723826c515","10788354","1654264877","2022-06-03 14:01:17","0x4efc0f6075eb870f0536aca479968cebeffc4623","0x951525a20e217cdce468518ebb88c3f05038d8f7","","0","0","0","0.000097275025703352","0","","","","Stake",""
"0x2f6453ee2de6c0ddf217c388e49c350204909271f6a3090d7cbf202cd4f8ef04","10803863","1654503084","2022-06-06 08:11:24","0x2e33da8511a63c9b5ce3b71eb4e036bc78cdcdb6","0x951525a20e217cdce468518ebb88c3f05038d8f7","","0","0","0","0.00008749800116664","0","","","","Stake",""
"0x559e755d1341afb88e1a2d6d7a775cab0a0df5d5bd445fdbbb8998b402c6dc0f","10817227","1654707934","2022-06-08 17:05:34","0x18512aced74637c6bb0ed4c25eba01d0f5372522","0x951525a20e217cdce468518ebb88c3f05038d8f7","","0","0","0","0.000087584041508292","0","","","","Stake",""
"0x864dd58be99c5f932a351e496391e17b984a2a851bef38ce84d33155cb91dd85","10818152","1654721880","2022-06-08 20:58:00","0x71918e92e3b9a0759da6552d365944d0821559ce","0x951525a20e217cdce468518ebb88c3f05038d8f7","","0","0","0","0.00009469800063132","0","","","","Stake",""
"0xea1800160db8a55f3980e86e529d85bbdb0410866cfffaee8f8f708a6c5e11d4","10823518","1654802543","2022-06-09 19:22:23","0x4b5f16a5013f034bd12faf35587921e7422568d4","0x951525a20e217cdce468518ebb88c3f05038d8f7","","0","0","0","0.000094698000568188","0","","","","Stake",""
"0x338f01a2748330cde9673b5007140176bc4cf0a826fd7f47af1a6a591371a502","10845925","1655139486","2022-06-13 16:58:06","0xbdd3df3c5bbfdfbf3e1e9012c30be0c54c8d870c","0x951525a20e217cdce468518ebb88c3f05038d8f7","","0","0","0","0.000087498000641652","0","","","","Stake",""
"0xb4f8d9e2153c578f57503513e5e0a3642868b1fbb28102696916bba591213c8e","10851250","1655219519","2022-06-14 15:11:59","0x23e953e2b2fc53013045370276ebcb988ab74fc4","0x951525a20e217cdce468518ebb88c3f05038d8f7","","0","0","0","0.000087498000641652","0","","","","Stake",""
"0x9454e06c9bafc4cc5f46769751194f68edcb26e86a336d60ca89fce5c2586fd7","10857063","1655306927","2022-06-15 15:28:47","0x807a3ce437d37222e4357e83b4619afa328cb69a","0x951525a20e217cdce468518ebb88c3f05038d8f7","","0","0","0","0.000087500390853684","0","","","","Stake",""
"0x085037856695589e26bec3b85f1303ed4cc294f35071f0bbd8414e6a0298cf50","10868781","1655483045","2022-06-17 16:24:05","0x6c56f82521fbb59522016c296d4f6e58067d108b","0x951525a20e217cdce468518ebb88c3f05038d8f7","","0","0","0","0.00009469800063132","0","","","","Stake",""
"0xb470437b4d0b6360c49e9e4f45876e49bb693010a23492c3bf4a4a9b24f3b55a","10891834","1655829785","2022-06-21 16:43:05","0x7390a0c8fdced41453f8a10123033c97a5de9633","0x951525a20e217cdce468518ebb88c3f05038d8f7","","0","0","0","0.000061848000577248","0","","","","Stake",""
